clicks,avg_typing_interval,std_typing_interval,mouse_path,scrolls,pastes,session_duration,label
22,175.69551834993175,3.9683899852037,6973.641278131775,10,0,16586.185136298507,1
28,141.09884871972395,23.186928923811383,10176.326981021874,15,0,24336.14583043343,1
37,146.84751034336608,4.336838742042211,6322.326482007673,12,0,20489.492320198002,1
19,109.37576945708682,21.98074756332741,7869.629663775424,10,1,18990.97337718895,1
47,177.25614697130857,14.633837753105718,5903.005180435872,7,1,17697.18753648537,1
23,112.22599582363222,25.837380318950412,8437.552199500948,11,0,23806.42677313165,1
15,209.40978166480858,10.831077529359112,5088.751913891432,9,0,21682.292364254008,1
26,190.85449800122421,31.020091629721747,7567.506123078326,15,0,20982.003483440843,1
20,161.39214387631904,41.074757504875066,6358.959650001859,4,0,17114.725720182178,1
39,169.17273630787153,35.378535130369585,8353.249939790085,2,0,24454.822541440724,1
13,153.66522016295232,15.775723173191116,8630.874995407805,19,0,21787.620327080604,1
47,178.6766424245878,18.732032830684727,8915.021695535144,19,0,20699.195532394937,1
28,152.24433814686503,15.368851921542877,6880.398640195707,8,0,17950.68022560701,1
27,164.99583002597296,25.0417767394078,8432.98227019623,2,0,22749.28578488344,1
19,113.70427768710672,6.745016471520772,9348.72694686535,12,0,14388.672246009228,1
48,147.6291628574578,2.8969937106032724,7650.122472112117,13,0,30936.149550109654,1
12,156.98762672871845,27.13315432569733,6484.707502077632,14,0,16137.742561966048,1
28,220.44597422996503,21.85116779998341,9577.110117101258,11,0,11585.320478599366,1
42,184.53604158907447,13.946316277975221,6823.235240414184,14,0,16787.630023718422,1
33,164.70860844931747,16.751169135416404,6835.678165211503,2,0,17246.254653342865,1
45,229.31256126643405,4.487654911372525,7015.921346281173,1,0,24290.81109484317,1
33,168.43148191607727,14.159686310900167,8433.348691570134,6,0,16734.24626715693,1
17,137.93487016694294,33.146888645697814,6120.023412948083,8,0,22984.64987082181,1
32,203.0879148956949,30.60964784215026,5200.421969664612,12,0,25202.67685332129,1
5,138.0774667584266,23.641239064774325,4185.581073220268,16,0,19394.215328593822,1
30,138.39308596894017,23.875875591654868,9017.765891014387,3,0,26219.868929551867,1
21,112.04913399980784,31.097502523641843,7669.220469278217,4,0,20066.046700859457,1
32,159.28037043514323,33.37557464692498,7161.501128716512,13,0,15471.963195919112,1
43,214.4576140870075,8.981751267041211,7643.986117504277,5,0,24190.35468816727,1
25,170.76973288653994,18.321249629673343,6217.144905781844,14,0,21515.813025901083,1
39,155.14591888427023,19.806418469353833,6465.518367633955,19,0,23122.06188674108,1
27,132.11226566423966,33.037543797752804,4608.568665475038,17,0,22022.308959153044,1
17,110.30605287431419,12.535985181052617,8464.702691924944,3,0,23285.994757265064,1
16,159.40365771381641,22.607483071220052,7452.492186241438,15,0,24491.006902909874,1
11,99.34634697107074,25.763091366963728,7330.821863815126,7,0,26023.28508478264,1
27,64.93861333356367,9.559035349696794,5363.756345646029,7,0,23860.6765188442,1
13,142.74725176594856,19.174755183642137,7009.053035150726,17,0,18051.644582946035,1
45,98.94288961917067,8.76143753641678,7747.416544453703,19,0,25638.296860080663,1
21,167.27581520641178,9.91626330097942,10637.808096722412,17,0,18952.2289099759,1
17,130.72478829811948,25.856194306838933,7194.161870368434,10,0,25877.899706168333,1
19,141.05270026269787,26.71786258070682,4858.653765012517,16,0,21460.039015695882,1
44,171.83113512484366,4.807035367867563,9086.683141369707,17,0,25926.78479990373,1
14,93.07989197956732,12.671997246429925,8189.935290720699,9,0,23444.75793255469,1
17,212.80244016811423,4.352109479635008,5869.837012017355,12,0,28068.370922193382,1
12,185.3499002617272,20.929295103530162,7487.42710218026,17,0,29580.649485722985,1
13,140.6324017164856,23.022328994625948,6800.372044091801,15,0,24338.844114375668,1
37,138.94776466565867,21.85645138615732,5352.455419079025,19,0,31389.120501451558,1
48,113.26005188069445,30.264065483092566,6740.052363208564,10,0,17422.602814523085,1
35,164.66114693398174,26.346582247695295,6418.242956468186,4,0,24400.54140206339,1
47,135.09220243523797,11.837587333882231,7643.642009268832,15,0,21712.290244271375,1
21,153.47536012761347,43.91063823603879,9397.198764962668,1,0,29506.932734611604,1
35,147.41166577458213,0.9058321750769984,8070.158562655882,2,0,8179.263977528168,1
29,195.02134351858106,17.288739880310747,10423.08047559634,16,0,21042.763404465048,1
13,178.54107609204002,15.17891127060567,5079.259383200859,10,0,25780.188419446116,1
12,171.92653506805536,12.999834639002845,6978.307292276686,11,0,29817.483876556325,1
6,171.93191205277415,22.389745908078506,8371.018103276141,8,0,20730.636355914638,1
8,199.7150023877748,9.355154912185,7319.6483784648535,9,0,12309.874884750465,1
48,105.10249425312385,17.80924832138786,10088.054905891779,10,0,11414.98388413337,1
49,153.88851818103842,32.01040383419253,4535.627234555439,14,0,23201.569724249646,1
37,72.9541849434088,24.234555080741416,6105.831659653349,9,0,20215.973462933656,1
11,150.68372399270325,33.25075476773297,8517.082936898581,17,0,18789.255327862124,1
35,167.64043353357624,25.815251942166007,7553.701024562451,6,0,16469.528696350382,1
46,182.57141978907583,11.331941951522005,7636.568710968206,9,0,19088.77292744121,1
36,161.12466866346708,48.951814455851235,8366.062234451732,3,0,21253.892528612527,1
7,96.26283569602023,21.67477078245513,6578.69107280962,4,0,26872.848638869844,1
9,96.98702895130272,28.967436442945896,5293.338428555387,14,0,22605.17853936498,1
39,136.45869398036712,18.36714116610281,8546.560639272066,16,0,27078.982935230106,1
17,126.16843006814827,17.14201631965142,4511.618209659912,10,0,16796.099609914658,1
40,172.47439391974223,10.858168653224668,8884.783449256423,8,0,22493.44524959718,1
40,204.62867106052414,23.91412928001957,8864.933005212693,19,0,23793.0421071731,1
8,139.88748497502107,31.969264134580097,7301.29492776607,17,0,21392.540596259936,1
40,102.02696216504395,9.138814933804387,8135.536605684903,10,0,20173.156403333516,1
25,146.67633976003316,29.18423580779951,7943.397014676121,15,0,19813.205185026876,1
43,113.06595266210809,16.258055128033114,7121.098978044552,6,0,35159.47241505887,1
42,182.4432153142384,18.129146437591555,5337.195477945543,16,0,26562.865964037595,1
42,131.41344047620314,27.982349881007007,7346.964819783168,1,0,14667.843338501038,1
19,180.5077261079579,5.074888973755982,7029.740431826036,12,0,26246.329448919536,1
30,119.02967055890855,26.682133663723917,8237.39378023609,4,1,24395.142359813006,1
49,110.2691263645325,8.858320803321636,5422.447105703383,9,0,29123.059697094945,1
22,221.47105432003016,6.401393991760312,6286.839315956563,3,0,22735.574521098453,1
24,185.4652339922163,9.298234864747322,4730.893244217908,2,0,18834.38736452234,1
30,154.34228388788367,32.04324962559694,4147.698770185865,17,0,17037.17939107245,1
5,162.07706005911294,20.26869778651733,9394.564371728047,17,0,25868.693829270233,1
13,168.1071768297241,25.341381160041973,8510.317613713007,4,0,30512.421410549396,1
23,142.8948611263569,18.380146453228512,6124.998827800932,7,0,19475.089548472482,1
12,123.15594025300526,17.732649890980493,5866.426208979037,12,0,17907.523248298556,1
13,79.09448066693047,17.84557141397937,4385.735142666536,16,0,14038.094865213301,1
15,196.16276317084646,3.646459735833858,7308.530019220626,4,0,23635.04751444319,1
28,117.00830849701413,9.379063761568595,6267.3457196157315,4,0,24442.85309672158,1
47,191.86682046928962,24.19415058284842,6402.054750003987,1,0,19415.268180895393,1
17,170.07625928185468,18.905597422503888,7814.927526429132,6,0,17251.29230594862,1
23,141.8280363843307,34.61053771980393,6045.658146578726,14,0,26959.296183164297,1
10,183.09998164076455,14.77867962465297,6681.094520261229,13,1,17459.423460844795,1
46,109.69038448139543,13.470155010663511,5789.405970059265,8,0,28246.10402012086,1
34,110.39073664409541,10.696453428983917,7365.433716822416,13,0,22753.63098820073,1
17,154.7063545214745,29.333228358835218,4712.892161531725,10,0,12737.819595930705,1
13,130.696693209124,28.740779941247148,9455.608718489535,14,1,17949.972052537654,1
43,125.58725405442523,12.242685185386252,10101.837637771649,9,0,12201.021826548738,1
10,199.4104307182039,23.914287628587644,8045.457827665374,2,0,18604.297887720044,1
34,135.87840701319027,25.270617898035027,6643.784461801351,12,0,25774.70618901362,1
15,160.22593041620595,24.39578581771535,6263.012766611372,18,0,21692.239397520654,1
29,150.539369782833,15.18182436310391,10007.05382240004,3,0,18370.266568886127,1
31,154.55008796199635,-14.430033490546258,9280.737368019143,16,0,17272.032793112918,1
18,114.86577294667417,13.849217639108396,8342.82340898091,9,1,16872.9563171805,1
48,173.64181968153054,33.289783326380984,10335.305148480773,3,0,18068.95282131939,1
44,123.273313931648,21.334784964041354,7424.4646547070815,2,0,21218.28805335329,1
10,147.13566560127848,8.338395415106971,6301.263574949365,10,0,9031.0213198553,1
40,249.1731534359746,31.88188771998803,3244.910137086593,12,0,20037.878167918054,1
13,105.0255574080373,16.393626059907316,7818.902520114903,17,0,18211.056342692606,1
48,82.60658250475565,6.525396160856435,8225.36112748537,4,0,27811.93421692376,1
49,52.05255825432343,40.746154577774945,6205.261501719775,3,0,31156.846066995135,1
10,147.9618547096513,37.26619645300258,6725.816152504212,14,0,17795.070078098914,1
40,168.9354764988027,27.506007318735126,7435.5553427263385,1,0,12961.771438551492,1
19,116.69392696967408,19.44482544773835,4867.297540492156,14,0,26911.758370176703,1
26,118.50065851433652,7.7171671974791085,8065.837950644297,19,0,30470.741483983355,1
33,145.93629159744782,15.256599677105516,4928.695304004705,3,0,23470.586870567586,1
17,132.21609737128816,13.16143339055361,3797.6171931991735,19,0,15253.00473548601,1
33,73.58119510306175,11.966650652708164,5606.938148944435,4,0,24439.144075864388,1
47,138.96572629392517,22.62913333095527,6497.675256513074,11,0,7834.131610781882,1
16,191.98483529233698,26.08366650164114,5717.817451132656,19,0,19133.8477823777,1
13,221.8477434420283,10.049707575841591,7751.802119348875,9,0,18501.54426522566,1
44,172.63376375999067,8.993608355699404,7791.526486735296,14,0,18970.5501300535,1
7,166.33804814767453,47.326914121916914,7109.773394210323,7,0,18833.549342830753,1
40,101.05809297864509,32.918386373710156,8749.657837579121,9,0,16469.16316515793,1
16,131.99861984901136,17.01422149840257,6012.370105701838,6,0,19633.21595135911,1
18,192.64396942417926,12.438161895716515,5957.969101216779,9,1,19965.768495948723,1
34,119.85279782703012,7.584922514630836,10307.373341667164,4,0,17732.810711306116,1
20,207.1145782755075,-3.940439135618856,3934.3578151485854,1,0,22746.242378901043,1
11,140.83417643194082,20.54089251994732,8954.529292321358,5,0,32472.53341755925,1
15,183.97256549231787,25.76377264700876,3865.372964876831,18,0,14451.702168331936,1
21,182.2443533886929,29.459000993571713,11094.464843305173,13,0,29081.0944241419,1
28,191.16074990792265,24.685837418464892,4920.280247077683,10,0,31647.58457799942,1
19,199.1941047928711,12.00271266378596,5006.345542685557,2,0,11059.371473975998,1
35,157.90369821625393,-3.9177174451415624,6117.401321053977,3,0,21345.162024944013,1
15,180.6428982631775,26.601110904507035,5406.807742922587,4,0,21550.194411097305,1
26,113.78770991245395,22.210794046081578,6533.687322402357,10,1,18760.49760626839,1
42,169.71392677906465,4.715310216645513,8405.471539233444,9,0,24197.692318239482,1
32,87.53161646054981,9.496648037570086,6526.251791002784,12,0,14582.38270552311,1
12,117.38621314445945,14.044462522791683,5907.984933285254,15,0,21251.216567486907,1
8,163.91672666416972,9.228494526050872,7032.1874592061085,3,0,30617.28258785565,1
19,166.0204462770277,18.767954296107582,6287.435483423583,11,0,18423.165448392338,1
6,194.34783895167348,8.730589660637838,7533.633011594686,19,0,22972.53304634164,1
33,165.0153516211331,10.974400358036796,7958.757895990869,17,0,20891.611782192438,1
9,180.9505510111751,12.68742920489123,9105.578588212667,13,0,24748.621697145187,1
21,192.74372160772,22.045705658912475,7726.164546594343,14,0,22419.039317508184,1
37,113.49916444341264,21.62524672207835,7726.980799090403,15,0,18695.726305478835,1
27,126.1030837944109,23.823391491257745,8181.702659614972,12,0,19305.220273842424,1
10,130.1531933239349,40.401696187533034,7241.397569352913,10,0,16612.94142064927,1
42,108.08014870582154,5.196344738135213,6850.326339419046,16,0,19104.937859750946,1
27,170.63926069172274,20.57364678415172,6152.4150882810145,19,0,24304.482057207493,1
16,162.45188943267573,15.246641903831863,5245.140342347358,7,0,23601.799755385913,1
18,155.0532918035319,3.350933230091343,8541.381076605025,14,0,18936.17061081247,1
39,155.04822499133624,20.866874158914953,8645.540867491125,4,1,25717.56066644105,1
49,165.9258915971236,19.83159040415573,7305.345065137986,11,0,18474.701602420282,1
29,186.31334793598236,23.364838532659785,8163.116879071133,13,0,21777.98975154804,1
6,144.932419659547,10.791269246068339,8013.530242877309,15,0,27214.226174665324,1
38,172.3878424477964,40.6912300107845,8687.760887307784,17,0,16013.958671959412,1
20,82.69011656357496,14.839551962633223,7442.480915610482,15,0,22723.885089064483,1
18,159.41255031551756,13.025015968674198,8965.996407892899,19,0,16629.682540396418,1
7,176.7913407468826,35.216027249043705,6102.427821700679,4,0,19983.43207492563,1
39,113.4517969619109,16.230249986265633,7018.272287216944,17,0,17805.779155719556,1
30,157.88048529509445,20.714705958021153,5247.647296186709,7,0,22810.510944155856,1
23,129.98467838591057,23.67267498362545,8282.85080768587,5,1,23358.050233165963,1
32,95.50262914646838,29.878391688990128,5074.466603538498,2,0,16882.138813235022,1
22,110.98394097076007,4.4530982318171475,7383.513932519578,15,0,13897.859930401677,1
14,152.49459307043003,28.04489764602089,5511.507396971992,18,0,18380.739283913103,1
41,183.55088784191906,11.701678699111447,7759.526729551887,19,0,14876.947943768117,1
42,182.16989911871306,12.067119832571308,8021.497239271399,19,1,16206.870953507074,1
39,124.4232682174441,32.06433800989586,5666.150605449862,12,0,23075.35900587042,1
23,167.6393199650969,25.556310368434534,8140.401959500573,1,0,11236.64379318689,1
32,121.82880331087276,17.83393800237128,6149.99148952126,17,0,10192.678625566678,1
43,160.12903577334725,-2.6207139315684955,6621.644552948549,10,0,29031.298707575523,1
29,46.693479805695034,14.862097358048258,7963.113918977522,3,0,19826.11621907761,1
19,118.34537265453972,27.82665184472145,5824.691019715647,19,0,25413.208599234145,1
15,183.20068374969225,43.47174940364156,6168.159845563981,5,0,12504.118218938786,1
15,153.30357346208308,21.308637435089498,6087.480395589015,8,0,26895.11425993968,1
42,28.22419896980594,33.09841631480158,8147.936116127685,3,0,17488.580421593462,1
30,118.65471799135517,19.379191476010632,9272.95163631624,14,0,22110.976839007555,1
14,160.21903652794424,23.18160699318095,6619.111930896084,5,0,22222.454085638692,1
44,197.01390892484324,33.11352122888781,8052.9602032482935,14,0,21400.998497008877,1
5,144.84032664079035,19.66309147698363,6121.515194527254,16,0,18982.43595285598,1
21,178.16358941319103,29.368153276728698,6928.787298217398,11,0,32259.479238544634,1
28,116.81328923063009,14.310657043512101,4914.433072268246,19,0,21380.551105033115,1
39,193.4496282851651,17.958504906299936,6605.339112148378,5,0,15936.140975594644,1
18,175.12705642476848,34.498841102114696,4444.194103862739,4,0,21331.447511428778,1
29,105.28420863031432,27.006494490892095,7169.722375454902,8,0,17706.488944021054,1
27,134.60411491261056,22.983415433917482,7464.157385113862,18,0,22920.523018141062,1
44,156.54526201628207,24.739470481076616,6704.344612561394,15,0,19466.085376632716,1
16,166.27377660595127,1.8685709520447062,6973.695744601702,13,0,15071.983050485422,1
43,201.2377751369682,13.54570694653513,8239.082699248338,16,0,18804.28750527895,1
44,146.67823488034057,25.98729823445654,10116.137691044285,10,0,10938.069389917982,1
10,175.7921968695447,22.16758871841277,4546.980052669989,12,0,19497.912790178736,1
8,132.38044943188874,10.386494041909588,6351.462600229683,10,0,16753.964382140617,1
48,136.2887744434373,15.269853632900691,6093.797726064637,13,0,15155.554236934899,1
25,158.42068280990026,2.0006962410129994,10400.376995357223,9,0,22423.531289294264,1
32,119.76267522738064,19.304064617723785,7655.839125665505,13,0,25091.067344795483,1
34,171.27034303000664,21.795005773243965,8784.36393761783,18,0,27237.949470307078,1
9,179.18016742480606,12.10527372714814,8066.441479676029,9,0,14663.829841957628,1
11,195.31313100731927,38.326173487957846,5004.584957920724,17,0,22475.99293362219,1
30,160.94884907754658,30.519799651749004,8639.505759046668,14,0,12962.717772311104,1
11,192.35773153024047,24.40746696952403,8623.578633873274,17,0,21960.61122105553,1
45,121.98053392331266,17.698307432184812,4480.707177533446,6,0,27424.564182830454,1
39,73.1821268448643,17.582356731882392,8018.0327859847075,8,0,27735.30686000271,1
31,100.27721830791131,11.32107292152673,10235.918237235084,11,0,15360.703863970946,1
11,161.33675436566372,11.1312599512988,7579.2127798090605,8,0,15666.081231188302,1
29,86.31535248671281,24.480343467976414,5055.592469455233,13,0,19538.30964842588,1
38,78.30967219301223,27.64998760006368,7647.31543467341,1,0,17317.69494064386,1
33,115.03591051204788,11.375469012843405,7394.156332225824,5,0,20883.441067956384,1
40,154.65528110121258,20.52643661398395,6937.440606601126,8,0,20367.7433001357,1
39,129.1630012067086,8.252583133558105,5105.475922574291,3,0,20981.805417746684,1
41,127.88059515224715,5.06113986045011,3713.184492794759,12,0,30761.445702386318,1
16,81.0409268641262,33.326679090292764,7086.733973521335,15,0,17370.016509794088,1
39,154.08604760309223,22.6318730083633,7517.786509381595,4,0,19876.37314836439,1
49,192.81383279197993,29.692750895269384,7529.478645454042,13,0,17831.822759172544,1
31,152.8193113891863,8.321545164515484,5555.79127246027,11,0,22400.904244569905,1
15,90.4048046071901,17.572522827656986,4116.754362799504,10,0,30054.64942042374,1
32,136.2588279247554,35.97286232574617,4437.7133736510195,18,0,20443.049497002216,1
7,152.49713221985112,19.01640362624235,6432.214933886027,19,0,29837.122782581573,1
11,146.47652915834345,14.320122118218537,7853.808782659353,2,0,27179.019041186402,1
22,79.73907826176602,42.440246389862224,7215.2230563030935,8,0,13738.799748978905,1
20,177.28257531162146,16.12260233780672,7508.370992570206,5,0,14321.151061301734,1
38,178.3438170633414,23.974530762420546,6910.922296228091,7,0,31308.49752680749,1
11,142.00689337569668,37.16821052624362,4926.66588991478,15,0,22969.28149622521,1
26,204.15141922130886,24.540455896484513,7620.5983049769675,4,0,21787.64200740695,1
40,153.3349087240535,15.302670387204806,5431.735320625521,9,0,18257.62736538181,1
6,149.21887255202748,21.16949480889874,6026.523187562074,14,0,13842.611887345156,1
26,145.70062333159458,33.07165816516334,6936.78529984645,13,0,11830.530166474793,1
32,84.58830785162928,14.033251809495066,4939.260786523691,19,0,25263.969830087837,1
35,151.0208385004543,23.96771346060126,6274.259226142027,5,0,19840.01758420896,1
40,214.68540583543574,35.87014801759567,9879.219805219298,19,0,25876.75927758572,1
10,111.59865670398777,18.039449730638342,7050.4396759109595,18,0,24591.624243057886,1
16,130.15174743449893,0.5115111443606786,7414.218233668452,17,0,20760.791874097024,1
5,130.7935140718368,18.398652557973175,6011.6380046720815,19,0,22401.526021679896,1
8,173.94966310554787,10.76369076583218,6644.7140971539175,11,1,17320.08822450247,1
20,103.8904340369286,18.17971464738631,6463.564371522049,7,1,13309.091613254619,1
32,91.61686861189753,8.003592467651771,6675.507710495726,7,0,22136.932408943696,1
16,186.91230055973244,4.0885444910745825,6148.044585060255,9,0,25812.643695592677,1
11,200.27074977340638,21.933418413320123,7080.686498188863,1,0,12401.325996739371,1
17,105.68988250246366,27.52738071962081,6107.509468966195,15,0,23676.381839818518,1
11,155.72819458189545,17.262121633746347,7357.432949577813,5,0,18510.67516733841,1
29,234.1092778210218,24.409085311691015,7864.788581903983,15,0,21471.297681045417,1
28,203.191296133385,27.757186337621757,8323.55956456534,10,0,17424.865283707,1
38,89.23327063680415,33.29017492657441,9041.024505686179,5,0,16041.578072036194,1
13,139.89970256857092,18.097504084688254,7828.519166695011,1,0,17773.064134318767,1
34,106.42668780003993,22.256723900358914,7618.864990927105,3,0,22676.129719729495,1
34,129.9764036556949,23.379759604239418,5380.232870954358,3,0,18082.64054345021,1
40,86.26096902885146,21.666486357179828,7559.624171046557,4,0,23877.678217235934,1
49,141.6533940280667,27.197687276235968,6949.224049097856,2,0,14178.104245197632,1
11,130.356309484796,31.520444580797747,9803.96635285547,2,0,22727.149336599574,1
15,81.87727284124017,7.601856706811123,6790.519595731739,19,0,19879.815669025636,1
25,155.27321974861482,3.5057639155900837,6431.901187448746,1,0,20739.4114211233,1
13,160.5387001386744,36.384728158855296,5308.719786372891,6,0,22447.530496769454,1
6,150.49726165766575,23.705325441518813,8070.420435318421,5,0,20828.222562124025,1
34,134.7834233065237,32.24698132282148,4924.619261357006,13,0,18626.905036515203,1
27,40.00771183403589,35.24712113604723,5773.0062896536665,18,1,10570.416139740753,1
6,125.60533023713607,30.966184220155185,4670.063126963328,11,0,19241.194385136736,1
37,135.59955744732378,26.356756496335837,6678.333556353435,6,0,14450.742403901337,1
21,170.53955881122454,23.123597813007496,8618.894412794773,16,0,25977.81114783443,1
14,130.6338558871086,21.34051688920624,6266.076630992184,3,0,31714.777300083362,1
25,104.24973244457843,21.39843352019854,5957.771137579486,16,0,17534.315304203537,1
42,191.09222509728022,13.487816328335656,7715.876607511299,1,0,10612.890455074707,1
41,224.14234074609453,13.295613988787348,7558.04529260892,11,0,17238.376002393998,1
6,112.78249432675798,36.847923124045394,8527.38866314352,14,0,15108.9306342239,1
14,114.5533679245514,26.540625667703587,6075.4007296635355,18,0,21884.342590274053,1
44,156.2519701394013,13.2938418373555,8160.4304724346375,8,0,19118.494194274408,1
23,99.0927471805704,25.457716273523157,6841.220127160672,4,0,16605.385156459226,1
13,157.40217251913276,21.71877905246771,6777.908936745826,10,1,20682.216417220057,1
44,202.58676671433193,19.46699551971197,6758.337848081616,15,0,17297.836306042893,1
43,150.92107939149798,14.67543932564178,4571.910416794472,16,0,27175.6991412476,1
40,179.3634788685046,23.260318574967002,6435.843023984621,4,0,17498.294876506454,1
31,138.8635426820374,23.192233767216326,6514.649812841116,5,0,21263.571703470745,1
23,173.09464500525678,11.14847515957077,6362.5088883437,5,0,14759.258574374715,1
41,133.04038176986458,3.6970568518826035,7276.616428873807,2,0,23351.925843594778,1
7,200.95011247084162,30.099715570290723,7692.549786786959,19,0,23905.696843969934,1
16,143.89956012738367,8.557941198880245,6394.692717336255,15,0,10875.848427143424,1
35,132.0133544458993,6.111296734189253,7296.961524391681,10,0,22071.829938731025,1
45,140.00281758878367,13.87601504170953,7972.252729554266,17,0,20796.404871079238,1
27,135.38649403654318,33.86943154196175,6729.635910901723,1,0,24896.02030524941,1
22,209.4922043861738,31.992384748127876,7195.385321083057,1,0,18396.821864290618,1
6,161.26574702632027,48.991586667616716,8675.776607501348,5,0,13533.935799960223,1
35,108.09505637588511,5.0258027656616235,7787.401280825224,2,0,13553.577472112298,1
15,142.01522747495815,37.339349682590395,6803.1058295155135,1,0,11748.405370818358,1
35,73.92532771666049,20.2487041219721,6068.9454367296985,3,0,26006.612228445665,1
48,112.46760725461033,11.84524043259237,6599.218372794416,6,0,10798.52861046119,1
18,64.03472936101151,20.222661130401978,5982.22723479419,1,0,23764.5702729383,1
10,210.4974007522764,34.64149811798577,9624.67525121057,18,0,20688.740690781222,1
34,124.95815839753507,33.66998273803879,6485.68522652542,1,0,13250.458298837468,1
29,159.90884280450243,3.0534256401750035,4608.927165449337,7,0,25068.93589646164,1
6,78.55820647355782,26.266180437565694,6764.073744497224,14,0,19583.242796493465,1
22,180.38148788519152,47.1463660826695,10087.026609837965,15,0,32331.326094468714,1
30,111.34239619840118,16.569610667392492,8151.919081171019,19,0,21934.894677125852,1
20,149.5364887646614,6.323359384236493,8268.317466735694,18,0,18405.7847024256,1
27,171.48973536666836,17.762374557294578,6896.330725558064,19,0,16679.093205666348,1
23,217.7922687905553,19.13377835708846,9489.444298173183,9,1,18013.472635699607,1
32,114.2690629280491,29.943109334027415,9061.99733206195,4,0,23599.49224636154,1
30,176.21261590723356,18.335782551879948,7466.819590524947,14,0,24234.26970816756,1
5,222.58210859430704,17.312458577561028,9375.36906727497,7,0,17349.719433262286,1
12,155.9745364853661,26.786603038805662,8162.828160677264,16,0,17711.445458519644,1
13,158.7410975768502,27.95788464240752,8135.805521015649,13,0,22604.610909462437,1
35,160.0079212032976,22.040963341719888,6635.8402247924705,12,0,22918.325359664534,1
32,139.37224767034144,8.622523512520479,7639.187325926807,13,0,17891.589685284016,1
48,120.08676723597205,9.39587606658084,3706.221913661505,9,0,11885.511385157271,1
23,162.78629772346514,13.746663996739482,6191.412289703315,18,0,15249.295426951321,1
33,152.10378439140047,34.92797262550819,5656.400875678031,6,0,14857.72043895868,1
28,132.7731606047578,15.694954743972797,10239.032635984302,10,0,24056.89065454382,1
25,144.09000851206278,39.9782147650847,5067.77236919236,14,0,11933.197597221588,1
41,185.54492879364616,22.275804055309838,6255.230756168527,4,0,14423.66938542195,1
29,150.31569918372773,21.87277230518466,5820.983424727634,7,0,24703.057508959093,1
27,71.14631039013193,16.333965486150582,7154.020999575496,14,0,18724.072205282704,1
27,111.66821469759176,18.67205012147394,5846.846048418154,4,0,19911.699851528607,1
7,122.75921942310073,9.384255223675137,5626.2217281997355,2,0,27588.32563443533,1
38,180.6503649890538,14.663896738669443,5838.429366427042,4,0,25028.23153412631,1
37,145.61778216436778,13.732946530208679,8512.682402344233,1,0,18291.962136852373,1
10,205.8635014702211,17.098920739793638,6383.422165558999,7,0,17866.47544312826,1
18,167.0967347715978,25.21870580192986,7539.075547455917,2,1,22419.13499173624,1
19,100.15049957970123,33.189247793465775,6399.597649480605,14,0,21396.36619479822,1
39,149.26398049840097,15.29501469597227,6144.083293812586,13,0,29568.78954800129,1
24,212.3484334137022,29.101366225174594,8008.988135090239,15,1,22997.232720212196,1
44,184.64771662543944,28.672369706199866,7131.167003606794,9,0,18724.389641855516,1
49,187.66292396240658,14.925824360136488,5864.551462837483,7,1,17930.83724293601,1
42,106.53758055977104,18.014200421954627,8041.677320623787,12,0,17140.745578536877,1
13,211.83250803777787,25.897122594928987,5715.826509238926,19,0,18626.629737929088,1
49,105.27894491198646,20.012672067197744,8718.27877997372,18,0,8724.642085647007,1
16,170.03382501571045,12.55133705486351,4164.345043798425,4,0,17402.239821689,1
44,77.19953812666196,38.58866427607114,3347.781442762349,18,0,15690.730581016644,1
28,160.398511786481,29.060358101093335,5963.84051511339,8,0,20693.50293290103,1
44,131.40080505672202,21.703654909659882,7029.3522202118165,4,0,21826.76582761883,1
31,168.4780173909839,11.451371134765031,6146.823492705862,13,1,20089.172860063907,1
33,112.21538520061662,13.856304555047831,7839.569234974094,12,0,23924.26497203977,1
41,155.19852210659886,16.637597793144685,6974.700230163798,16,0,23716.186026268057,1
27,143.02420896326458,31.812089991841766,7324.883092353237,5,0,15953.060136435142,1
20,83.19071128893772,22.162338871183255,7550.958652907977,8,0,11882.807889301273,1
5,163.70524066685766,35.88769205695964,6456.256972003367,5,0,27034.15465932009,1
25,156.9744653651758,14.994921772471237,7927.927546712619,4,1,15907.51660830468,1
18,189.5488932802872,18.07129682479591,7195.775764491484,16,0,25522.78394504409,1
37,129.97120204836784,19.47114008351391,9035.506307575759,18,0,22851.25588713001,1
11,163.19030690707484,17.549626703682023,6649.105514213507,10,0,22098.830017229313,1
19,140.87938964341052,15.5088828353932,4914.2268486057665,9,0,14949.90721338211,1
47,121.38908514282797,28.3869023825547,7343.564683781045,3,1,17864.706378976396,1
14,105.83189790217097,25.03531188752994,6237.439486542066,12,0,19004.279819638476,1
33,99.44223410615855,7.205767826499617,7289.642878141174,12,0,19927.953189052667,1
7,123.01343926905703,28.27611984814137,7090.792109770427,8,0,22263.74457546392,1
36,139.76247154225666,24.79100075042041,9475.008488600855,13,0,21212.116233070174,1
34,159.85749457075073,19.653628319844756,8150.950041127702,15,0,30423.253668574012,1
33,126.70645056700754,11.433284318632172,6506.338014512178,16,0,21208.83766439212,1
12,155.33987667778368,24.393988286776057,5583.997525339204,9,0,14270.707466106109,1
20,167.60326463983094,14.597945360643195,11013.717800481329,5,0,10382.053783619462,1
48,202.01065193215942,34.13615594885616,6055.089838968748,19,0,23891.47440419984,1
41,178.30211621895347,34.214200697603246,9750.914551209367,12,0,22740.59196963122,1
23,149.8109119520441,11.745610992614035,6039.802556219935,9,0,17687.752473405955,1
46,112.55656652760501,31.422912417966113,7676.048805033675,18,0,15665.614562815368,1
14,190.24484539197204,13.420683161018992,5351.109485800557,3,0,21576.758842840947,1
8,110.11318698028398,24.827574612394713,5220.876691426562,1,0,20909.46715656438,1
40,199.57782401743714,-2.966777925029156,7751.913645174625,13,0,19782.380969701284,1
41,107.50681771950389,4.784637384372761,7608.9454064773445,4,0,15573.70773091858,1
15,85.03730887701305,11.093289093980642,8776.193029661332,12,0,17440.528371633052,1
6,191.4411220963162,22.238956133299688,6332.955817100857,11,0,18622.94640475681,1
43,126.38473944181906,32.7332706206877,7153.504150997514,5,0,24353.908860336553,1
26,216.99845786960688,32.61450078368945,6817.378274580105,8,0,17263.468837245702,1
14,124.25710617572022,5.365049655706679,7647.189816414148,16,0,30393.130003142527,1
15,206.65007630818684,15.6239683354178,8317.118511063652,10,0,21203.478382330224,1
7,190.17144389195295,7.878319858777319,8837.00718483963,4,0,14907.558701162416,1
16,102.60143863393142,26.724797717372184,7399.038339890932,3,0,25693.170753567112,1
10,158.17456001854362,16.95231084612357,5650.004036841544,7,0,21131.72150630102,1
39,147.1420618456102,41.88671842246835,7268.126698911543,9,0,19004.18600167545,1
15,115.57427621170167,16.55618685458091,5772.084156498958,19,0,11117.343778689718,1
15,166.17198558188787,24.069116546776364,7801.446068027229,18,0,20263.517451596777,1
15,178.4432410056365,18.82439723743642,6308.458763612499,16,0,21115.50744660522,1
9,137.38410579874042,24.402455917163664,8313.563610923247,6,0,20108.10164669887,1
48,174.633016402458,8.467444082736739,6761.310357304586,3,0,22010.75054001182,1
9,194.21065753281223,14.371837755175946,5616.412390526674,18,0,17906.14406269162,1
25,90.95874451195795,27.79623685959595,6606.530521711826,17,1,15482.120665852279,1
24,166.28770303374728,5.797578692968866,4971.168413810081,9,0,20063.115658895378,1
43,145.3260342247452,24.352097874853857,7363.436255323905,19,0,21387.04674565427,1
29,212.45948859634595,28.118709670539154,5538.360189413518,14,0,20816.73934917372,1
32,155.84438226140952,19.971294703872115,7909.1175148207985,19,0,24487.111778232156,1
46,133.70128159607978,23.045883176639922,6422.8198164771175,5,0,16874.076364140616,1
7,149.0751160452394,35.41519071602309,8672.061247736036,15,0,27384.09636801313,1
34,117.74257907211712,17.317158074165583,5439.751260818331,17,0,17682.335382967824,1
18,132.20714369962764,19.888112796382902,5787.151892526184,19,0,9519.804124271514,1
22,135.24330776532202,25.170779929340945,5140.354875741192,7,0,22645.640040881866,1
38,155.12369873211108,23.382654453315883,5648.638560264181,13,0,19199.070679697445,1
14,240.00853733024758,29.226153032242884,3278.2223300210053,1,0,16598.924939826764,1
29,146.37472488876716,14.14701395408571,7497.056033520847,15,1,19543.55252084732,1
43,124.08848869304782,23.42764926192463,4758.633706653217,4,0,16455.761410213287,1
23,95.59761902978302,20.70831226683911,8489.162959015543,1,0,17699.639742687214,1
24,94.1967589337709,4.5601566901575925,5686.468472982005,12,0,23096.912470749794,1
43,117.38053433240074,25.627188540149625,6138.24538830964,17,0,22133.708037496774,1
33,185.0923185724014,5.590343030747359,7325.31837786525,5,0,28168.37410238508,1
24,165.23103153507523,5.706174686179597,8310.165935943496,8,0,18722.070433612425,1
17,192.08698834117143,23.249394812038986,6780.523283143793,13,0,20742.98730289065,1
24,173.9470320000642,28.931889892207884,8326.51493479088,7,0,23674.104197486064,1
5,135.06456040888028,32.176436371643724,7962.905277860938,4,0,22753.403889921497,1
49,105.582051870388,23.34137992370197,6137.134343174985,14,0,21048.638336162527,1
23,89.91930474881529,27.84680620098522,6252.537651082196,15,0,25932.94668912269,1
13,178.73088780431993,7.278880533060764,7615.429250459524,11,0,24338.50651808497,1
22,172.49224079845695,14.265529651688684,8283.393756345416,11,0,16922.845636692033,1
29,187.9738080477893,15.890261944081285,7641.868193736425,8,1,22257.861130556215,1
20,147.35218047525052,19.708539964982027,7153.433042407245,2,0,30573.360852953163,1
30,121.2346239948464,13.387471245398515,5938.782030567939,14,0,19108.823316234004,1
39,98.84316306887331,20.39358380680117,6039.510531156788,4,0,15389.921710359977,1
23,98.35392536487768,27.596142678920977,7303.257413154487,1,0,22142.38726352764,1
31,83.44098619104577,20.69507998028394,6885.5572708447235,2,0,30929.01987329394,1
5,129.38139199696195,33.62707887460234,9366.982157042778,2,0,18628.96965373004,1
46,186.78998726400621,16.118558088442995,6458.208702650399,13,0,12851.955621970508,1
9,140.23603117564815,22.502006315002607,7725.117505289094,14,0,20730.596007210665,1
17,106.34314789905565,9.773622138452065,6710.206502959107,7,0,18680.480168897662,1
14,193.75707927034222,22.455546797362725,7394.815184189879,12,0,32323.49608262988,1
16,171.58596783777358,8.957199683701592,5622.689817305988,9,0,21616.672441912462,1
23,130.89761963456866,5.366760716540995,7840.2527338753025,12,0,15914.155830784706,1
34,206.3641009272055,17.847262201125965,6977.147975489357,19,0,17685.001641077342,1
39,165.33163839532958,15.957409636639746,7758.052135056476,7,0,19805.390586423382,1
5,219.73467013575362,21.577331373286295,7699.565504729178,15,0,15891.163633607486,1
22,88.1732099672631,14.860007534549144,5699.990010762609,19,0,20680.39377461356,1
41,208.7603643437099,14.764419791931612,5544.153882715835,13,0,11657.261698620361,1
27,157.60587048329796,12.5682176796042,7790.687423166485,16,0,19775.121881485666,1
22,148.15491507442067,18.61184509162425,5510.039140080904,8,0,12332.224788999067,1
5,212.09533551775485,18.557802349993295,6488.256774090492,13,0,20768.46124709978,1
15,122.86071602838291,29.92971642928945,7014.216281828253,5,0,29192.56788004869,1
35,259.80997465105065,21.106120374747242,7829.843505869986,10,0,19164.20051250453,1
21,166.7712057125679,-0.45556469429672575,8369.310018316262,1,0,17979.099222633344,1
14,190.54580746982535,18.666905054677084,4020.0304106866824,13,0,17640.995293728334,1
18,207.0237649067284,13.400090907094087,6666.5413041587435,1,0,20355.057951709197,1
41,151.76284355886045,13.413869746392807,8105.552363605795,14,0,16451.783594384622,1
9,189.9484857310317,33.95769187777654,4065.7836965364127,14,0,16165.527211898376,1
28,197.75952549949295,8.578513304789404,6617.742887204936,16,0,16516.303778877642,1
23,238.01452675929426,33.27154479017048,6441.635402237857,3,0,15783.813767292657,1
42,164.85830825246208,22.055212756834035,6038.785784779747,8,0,22047.308874267874,1
33,186.42452752880354,34.88127918687567,7323.171816028523,9,0,19573.3396987683,1
11,131.53814720515777,15.977623850254052,6740.119974375242,4,0,18647.58016385222,1
17,208.41197876402708,21.79193601172667,8490.088691165221,13,0,22988.064745255164,1
35,95.40762407641617,18.574986087550332,6384.45743720274,2,0,17535.637916774038,1
28,114.13527916301337,18.312779596679494,7478.014095889802,13,0,19601.161129342006,1
18,164.46186945823305,10.929395564741315,6228.704898574069,18,0,17147.661947272416,1
17,223.24131792218677,31.89381663344492,7676.593602966992,2,0,15945.130484977697,1
34,77.05485407254174,10.924135661441333,8609.964602248989,13,0,18857.036513104158,1
10,136.17481987966315,-11.546019212787503,8136.9442196573,12,0,20729.10060862442,1
37,110.27006443034969,19.735369791412992,6843.030470502284,16,0,22134.391579069867,1
26,213.76909489893703,4.889578151588907,7755.399079954147,10,0,21479.719868199278,1
30,170.167005562101,14.480487602478368,7259.082725274934,7,0,21465.005759228232,1
14,120.67119964828058,6.54375056999309,5573.358995418244,17,0,22360.938477088286,1
39,141.48286054228362,16.760805835809975,7476.802175311122,13,0,22053.199679716985,1
23,191.04508995949783,0.5909816632192175,4432.83464459429,7,0,20158.78046463367,1
43,85.35594540010068,28.773429324661052,4663.620794641564,11,0,16453.076605709386,1
29,222.48819609011218,23.337517458544433,4992.99525337648,3,0,21702.96402843446,1
38,169.39070461867786,24.16350072082263,5813.141229264251,2,0,17569.985546989123,1
16,92.20304955052501,40.6626381411278,10974.236222848825,14,0,24981.49180901333,1
5,100.66100264079685,18.019198583663137,9097.658176975885,16,0,4749.794711784367,1
37,124.30689678355569,17.2484083082791,7797.322435425191,3,1,21818.568294794397,1
6,238.63606228831776,15.012092096450901,10254.581646960318,5,0,14345.107848575295,1
10,149.76525660514898,25.115226306567845,9395.558899757629,19,0,16546.76351827956,1
20,182.8395293557861,17.605034614268916,7353.559645738726,7,0,22463.000093824914,1
32,145.7688354739758,20.28044845524002,5488.847026836657,7,0,24795.953553294385,1
42,54.31806942120461,24.52023316882153,8771.192963189415,14,0,19508.993335117666,1
11,119.5399661441123,28.490968849736685,8958.636487737978,4,0,20521.207041867532,1
42,138.79028580215208,17.618128618448754,5638.112991535978,5,0,21844.754457433577,1
25,143.94067946309394,17.429839990967167,6319.979683204906,1,0,18450.804098769586,1
43,175.71899258108024,40.43922704997624,2018.3857943874682,15,0,19582.923557010898,1
29,159.07778988040167,12.131636800098764,6277.969735758728,19,0,20126.176375015788,1
20,173.68887062326849,21.08819815153652,6601.999829596094,16,0,19418.534715422258,1
5,208.82764205456002,6.578177773780558,8245.245842844184,16,0,17294.213197991317,1
26,199.57904028662844,28.67476639803605,9781.294037447535,19,0,15550.533799330322,1
37,84.1082141469399,-1.050552798466228,8409.826025878083,4,0,19929.491117236616,1
31,133.9352040230658,9.477031364607111,7307.662718346152,2,0,30011.96838645918,1
22,128.2818278218935,15.993248417913357,8452.595584816398,17,0,19024.84428715227,1
9,85.63506797043702,20.72220109230803,5969.779176730956,4,0,23736.535337574067,1
39,203.3163437334111,24.329415685338862,6446.701217927116,12,0,24085.03533364609,1
36,139.734960092495,20.02105524266175,6090.578855184984,9,0,11421.625790667611,1
40,186.55439549377633,22.89856559874625,6800.979691853982,9,0,15506.943091625559,1
21,188.1030968207831,21.555801540238797,6018.549153967603,11,0,20292.238222470703,1
10,175.59472175165936,16.806801296712486,6878.779502712684,15,0,13901.427940729798,1
29,249.56061585192828,12.825511682660341,7668.517730756567,11,0,26695.46827885211,1
14,140.753162939858,10.69570205018074,7539.373176827595,3,0,25415.01716145249,1
48,211.9496323443806,35.175435278293236,8066.71205910519,7,0,21301.124702108315,1
23,148.6320111525604,37.9077202162575,7071.9960920483045,14,1,19526.74610458236,1
7,132.0582061549019,9.677022990925321,6972.450654275066,11,0,17689.059071921467,1
43,184.60047173993206,22.257739798284682,6278.948645267162,12,0,23992.940150847375,1
9,209.36184833672553,12.984266471396886,8835.166709891957,4,0,22556.049807690517,1
40,161.53482385542472,30.05414218207552,7471.600969225244,8,0,23818.04380004395,1
30,184.90392708189964,17.456737000659356,8134.456681671396,10,0,18788.768938124234,1
19,170.4588580572697,32.623505075761685,4678.050859773449,12,0,20766.89924795217,1
17,181.41175364238396,15.124628123110476,3391.971288111549,10,0,16190.870177430517,1
38,145.7055140550594,26.754770560717247,5997.154144357195,18,0,25247.56163061314,1
11,192.4230468454959,21.468046948219044,8468.07578328715,6,0,16516.49901926648,1
18,205.78969440209585,18.664171190093924,7929.302613082988,7,0,14248.090564874603,1
47,162.6538877354994,21.371038379674278,7135.669650270446,3,0,18775.831172005655,1
18,137.230725734587,19.087250497746357,5513.651473845119,14,1,13934.209481354006,1
36,142.5196446596319,21.694941646754845,9602.300389194212,14,0,24067.375346490433,1
27,117.75862230421897,9.38352598712304,6277.689507618473,12,0,18618.310252560237,1
35,88.15267701493956,12.824720632508786,8348.829026915591,14,0,21339.77684975841,1
5,153.65705470265044,6.772197489091951,7736.369057868408,12,0,29928.786791342398,1
28,61.88623217693852,15.827414606628572,5380.094706076513,8,0,15911.448621056214,1
45,147.5643781368163,21.19967696084171,4639.50063422271,5,0,8583.873129986998,1
6,159.69984327700715,22.05685808369381,5850.601193541248,3,0,25645.434364037425,1
9,152.87735206149537,16.666803239618663,7130.609847021851,6,0,25173.3442125198,1
45,144.34794929033347,15.008458111839456,4027.5796002327156,15,0,25550.755563478815,1
34,158.78720600559234,27.51920365342282,7513.821977447436,17,0,19019.801491126953,1
35,155.06033806739708,34.194601545622774,7561.6736479682595,6,0,29458.283532228066,1
17,136.91112326905136,10.00660965030653,6480.721082644013,17,0,25517.429651938033,1
22,113.01595717744323,1.9573261916127969,3782.5255670041397,18,0,17862.01442829681,1
89,32.91897298743112,7.780704226682397,1240.3544215209972,0,0,5898.894736673084,0
171,17.04283022554884,1.6812889221833967,787.956347564077,1,0,4207.0169418734795,0
206,24.444329643851034,3.433938003842038,298.3046616073774,2,1,9603.612510472412,0
174,29.442588701149152,0.9208325208396317,447.9465169888124,2,0,7162.892699236243,0
235,45.925625369520915,6.156788942937052,1785.134460935701,1,0,2194.629297191451,0
147,30.272829206926676,2.84793633716765,310.0047027333102,2,0,2964.179336906517,0
133,32.6245854239795,8.935710162630961,798.9223516267069,2,1,6975.075543451304,0
115,12.489894155648702,4.813824022635206,876.5000919350272,0,0,3180.1360188095196,0
184,49.120454837405795,8.05507656383476,791.8730952407212,1,0,6391.350837772792,0
59,37.852964683859646,4.3301373645457755,619.7919392346794,2,0,4805.831435122436,0
232,41.12276845799445,11.334738608412815,1185.6295554782234,0,1,5157.584471579176,0
118,38.87512965135832,6.404950443561219,1598.1081577448272,0,1,2093.831137578298,0
85,29.259651064682732,9.556837045037646,957.4930978052091,0,1,4704.185749412053,0
205,15.69781836154239,2.6885673346449273,148.4689023803952,2,0,5886.194957311862,0
79,31.0294522033208,9.489358132866169,1340.686744600206,0,0,4397.251722781736,0
82,27.786449807210303,4.0232714589618706,1102.693053839635,2,0,5320.922964907625,0
190,29.170507739051953,8.911512030189066,1451.23816557225,1,0,1783.7270681023615,0
259,7.515548219207883,5.457169066862703,354.6811612742433,0,0,7012.514216052516,0
116,33.849631219469565,5.463597577662742,165.3235987657324,2,0,4090.32014260995,0
261,36.98625929601649,-1.636442369773686,1322.122010219181,0,1,7279.7618951617915,0
231,40.55564285261954,7.013711411205819,1489.728483842156,1,0,-251.83437022926773,0
199,17.10248361772479,2.475298424038707,1051.025986276634,2,1,6428.700290740369,0
271,45.05157243277292,8.701284072119323,966.2694649181809,2,1,9868.045325301311,0
276,36.101904129328545,-0.890825628965005,511.62882810189933,0,0,8300.482405317558,0
187,30.604133775238527,5.333688387812744,1582.7596299024767,1,0,4651.2632181618055,0
140,24.990657518416786,6.030054681400216,1725.3646111861651,1,0,4610.678705100933,0
237,31.93146179771574,0.8602546328802365,544.7219115941864,0,1,2918.3295738806232,0
287,36.63239639746163,4.784195369967454,437.92030144702096,0,1,6467.101484182076,0
184,39.71871380838637,6.778055491746704,611.292617347568,2,1,7804.383187392481,0
104,14.933684363632187,8.425324814110535,117.8283651864964,1,1,5486.524143460909,0
206,19.515469885616437,5.792154832233275,835.0871311091782,1,1,3876.719459179613,0
211,45.4100163422008,-0.45184901487864604,777.4502307172162,0,1,7992.555591048282,0
186,37.11764970215384,9.649725284033437,1021.1843106627655,1,1,7450.85263482405,0
61,41.78479002898839,5.996209129974175,422.5589564855934,1,1,3374.707097400879,0
93,15.072724309359934,2.889050253023782,1635.6102308830705,1,0,6746.852964033771,0
51,24.63424162804813,3.2925426641381192,500.1809695126607,0,1,3195.254794054893,0
283,25.54861964091117,2.76435749857081,1246.567741800304,1,0,6542.05052000393,0
271,25.336042950750173,6.499153212086982,326.97287108747423,1,1,10132.48352445383,0
151,26.12142706503407,5.138242469864998,1099.7940500407976,1,1,6161.819127359966,0
216,31.131812432459437,5.337738542141755,1489.995214507719,2,0,5947.994812146764,0
51,27.190454518786975,-1.0444332210433886,1256.292869387497,1,1,7841.883520791829,0
272,29.81688677906476,1.545368254310242,1011.4901194759971,2,1,2665.802402021197,0
53,23.83883840946268,2.656454720839143,161.28614082654815,0,1,3856.747142624435,0
111,9.445844663680173,3.1793521883403915,1345.3728046285232,1,0,11081.641595147954,0
284,21.13010194371774,5.203425355701554,790.8858601437262,2,1,2745.1873524567227,0
171,30.003763343618925,0.29802231271769664,1414.2666160631625,2,0,6415.839195849999,0
291,38.038313357577124,7.682508294949597,1282.4777195949175,1,0,5886.764602597123,0
206,26.567096070412838,9.119128915738198,641.5680409231849,2,1,1142.8541946108235,0
61,13.803502159609028,3.8514673139805495,1697.6442325640705,2,1,3302.259708681703,0
177,19.604455600299133,7.051089766178137,1361.010295744605,2,1,4375.474538718651,0
221,22.389175598770336,2.5548926105355347,671.656259018676,1,1,4751.728240103412,0
292,31.94204766262207,4.073283640841472,1861.6070295280306,2,1,5181.160582283431,0
225,19.906016557406083,6.389613802382448,1091.1529746907547,0,1,5690.545574217091,0
88,29.230950902762903,4.325465977225241,699.2939271681453,1,0,3280.18535332632,0
258,34.828170191484695,0.9509326662509716,565.9665403796084,0,1,7045.591252008957,0
210,36.303526740455744,5.543206465136248,957.9990334109218,0,1,5889.671269908537,0
180,36.16717425726919,3.6050314696666406,848.9178920726829,0,0,2640.1310909006415,0
113,25.075161387184046,6.694261006003465,494.3373778987366,2,0,1808.4098447181568,0
109,19.69750687036587,10.434961985943662,1081.8491539790234,0,1,7107.53284447419,0
72,31.62361143482608,6.511607794896642,471.55891731915085,0,0,7251.382194063588,0
135,33.758553206746875,3.8417553016212422,912.3740733031545,2,1,6545.783727063826,0
71,19.646212460595763,4.701652993909822,1224.876949548711,2,1,7150.039390159443,0
139,33.193714767582414,3.2913711632817897,1662.3812085064196,2,0,6304.970269817139,0
101,27.30015806415519,2.396797711086168,695.8771773021599,2,1,4537.285376862884,0
143,29.272720031515185,1.801408261022016,1300.3185596362573,2,1,5267.135233850685,0
202,24.306983092625043,4.316635143773759,424.3536992275921,2,0,4964.603334682913,0
244,33.99436057376671,3.461171352900678,701.8957504720486,2,0,7552.628798097742,0
220,40.64656318439738,8.721906223383122,1894.2090968118625,2,0,4314.671510428674,0
130,35.12918934397834,1.0318242579602561,292.50532969543553,1,0,6669.516850171085,0
134,32.20416433445742,3.631041443528348,1356.9118245562108,2,0,1339.1796389773558,0
178,32.04223568233331,5.946632318492355,1448.9856003712641,1,1,3095.5052602447336,0
109,37.50603670252034,-1.1897752332736395,1564.2701210419818,1,0,2113.8051193868782,0
170,29.737175304078974,2.522232542353675,1232.108984004498,1,1,4400.21466932035,0
176,7.589936610338292,11.05228734223867,948.0659804287195,1,0,7643.53643483518,0
201,8.688772460248408,6.012811828361034,1686.2943686137714,2,0,4335.058174057471,0
153,42.909940843978,4.6517652455315615,1319.1718156398586,1,1,6104.488588016502,0
98,23.47792327319194,2.194188880914271,1042.4971931588032,2,0,3997.0962613086213,0
266,15.725311107706792,0.5292035378005098,2176.2529730704837,0,0,6567.789571764067,0
135,38.59079136806661,3.8227376747879465,-297.3326474051148,0,0,7679.960926660999,0
262,55.018037605868926,1.180297854483849,1418.958954927426,0,0,7546.413474779033,0
191,27.331570394017906,7.073131509529617,807.2053095136403,2,0,5770.690980120199,0
121,25.79331097393035,5.560854563256951,345.88752372973136,1,0,2406.3261187043972,0
131,30.846847400944668,5.721212578983695,1254.8189395954028,2,1,5314.593254126376,0
121,24.428773740679517,2.600013832606124,254.12541084927022,2,0,5903.078128691182,0
272,25.478168743110366,4.6509458264963275,1429.5498294325841,0,1,3832.3238153264983,0
74,25.596129138390925,6.363209865542228,335.7793651335851,2,0,3440.688456414639,0
216,41.00210088048826,9.199510095842578,609.6107777260212,1,0,4186.250280560221,0
59,21.488531660421536,8.657087917301794,2049.704080709749,1,0,3977.8599189046276,0
115,13.000246355450969,0.3529422321656899,700.6444234250205,0,1,3665.2483793915326,0
177,37.79369179719422,3.1535429177289087,1111.3297738583449,1,0,3434.084530632528,0
94,19.865128989469557,1.8520446006489104,1469.1354591833206,2,0,4061.9625119534508,0
165,30.539770592462485,2.7293716054825454,121.77487939968773,0,1,6348.090997437404,0
190,54.01135642414898,1.7543822695905131,639.632662443109,0,1,4469.158348784131,0
266,43.243927896551725,9.186529582095345,1855.8487266368302,2,0,2514.4257043295593,0
60,24.845087800252813,8.917437325404629,653.3840028439362,2,0,2463.861206370725,0
183,25.519311509428427,7.248936417362662,1102.2329971074487,0,0,8207.07811132877,0
263,27.26248413522855,6.1807420217923354,1484.0760662908708,0,0,5483.0516891335055,0
135,34.750639190805344,5.713809500122726,1233.3957320842146,1,1,6510.964971874791,0
265,29.833875722909355,-0.24303630511296603,795.0409517258404,1,0,4436.695838914931,0
289,32.936512987998064,-0.2399034261603763,725.3916799530236,1,0,5811.223492144937,0
227,35.34241647242875,6.800897930592018,1066.172044254503,0,0,4606.110945666493,0
264,13.860480212717945,7.28105992089969,808.8960095951511,2,1,5622.103738268413,0
73,34.65903754620499,2.2611927514456753,521.9085995667365,1,0,4933.944707550404,0
111,30.253601410864245,6.2289201440343875,1042.8110453754248,0,0,6502.524270898057,0
113,53.137724876428784,6.795900401119163,1327.1037520235934,1,1,6945.337561049249,0
158,47.864982551620706,4.809050153446523,1241.5139032376935,0,0,7926.768643815574,0
66,20.384616880139777,5.863227091045154,538.9245341553062,1,1,2994.8584561910243,0
277,37.678020208768565,4.452691649900517,1109.290929234842,1,1,2650.081522162828,0
222,52.87988623667488,3.7378124103945973,1258.2290925560603,2,1,3644.1377772202777,0
91,37.4511521273182,8.038367189441402,724.3061212287387,0,0,2993.5893233023235,0
225,31.613314411600722,10.612648184128656,552.6949890224814,0,0,2376.347346399792,0
120,9.700430787120343,2.9973822428868324,265.5316762976794,1,1,8197.098701432295,0
141,7.688060280968763,6.995548749083705,366.1198311686811,2,1,5773.9386137626325,0
83,27.810752686685106,3.8597407009110696,391.14458598758654,2,1,6925.726383623946,0
175,35.285795173061096,3.128134891083861,204.1651430663701,0,0,6233.338752086538,0
99,29.83079185811993,0.8213458940630574,1595.1576631067355,1,0,5426.809139744302,0
99,23.910928136106545,3.7133799455339007,1102.8569785042919,2,0,5655.186909687583,0
63,33.87621224627977,3.906032762511916,1771.0761281037308,0,1,4409.924290867316,0
114,27.676922397050063,3.2737846151623513,834.4473775076771,1,1,2501.1469774797347,0
54,25.716143819543127,3.029371897938228,1030.9018553332949,0,0,4171.910080744148,0
281,20.0170444164583,9.596588656453346,1202.28560760543,0,0,4914.553241826901,0
296,-3.353847938385613,4.120887940822852,1146.784117144252,1,0,6751.00156372709,0
83,16.163015542782404,3.112987881070426,1480.4549547114516,2,1,5003.403393600497,0
54,25.905782019787654,0.20837951877634886,1787.1465248500963,1,1,3867.891479122157,0
241,29.961590707683293,5.5772395798855925,1117.39971897988,0,0,8761.850519535841,0
155,17.247027757982053,3.1354284544406124,1349.8609439884538,2,0,4406.210241486404,0
89,27.494028902515886,4.516462347438529,1108.2428213606224,2,0,5279.860389247359,0
178,17.464096216539136,3.731826325372436,720.0498526668785,2,1,6359.074324492923,0
275,35.442458593281636,5.389267901999711,-8.536874421583207,0,0,3211.8673457288087,0
147,19.377506466360806,9.073561223868083,1299.7060807400762,0,0,6671.814323105207,0
70,42.16498664308388,5.258831589271694,470.5849694697305,0,0,3823.186375336096,0
184,28.636186535775703,1.0433880361184067,1252.138754973605,1,0,2603.729555570218,0
257,33.45542131639642,-0.38786808012377527,232.03400437762298,0,1,3894.049399457169,0
192,30.890872565516993,8.230591750866425,1055.017131529402,2,1,4445.060618551808,0
157,31.0144896391041,5.236198190334027,749.1512260953637,0,0,4110.456841797528,0
98,31.676825253276707,9.094080507939687,193.66191565809538,2,0,5282.72076829501,0
239,19.023268366220776,-0.44702780519844154,1707.064673381793,1,0,1300.2729473940908,0
225,26.42839662596517,7.385762684607622,683.3556022988927,0,1,5277.491491736179,0
149,18.125980861992375,2.3535707709775924,462.6350720187364,1,0,4306.818139586064,0
252,34.298445097007395,0.7870882840571554,573.7218634536898,0,0,5276.980451631329,0
292,31.22936324585628,0.7795160621082191,565.3318881910926,0,1,6440.983776877509,0
104,12.260243808982885,10.524225114902459,819.2841515561598,0,1,6026.294275446256,0
293,26.347161298052207,6.993694523702109,1137.4044964513705,2,0,2583.5493478505846,0
211,57.032128696430775,5.95271404634155,1487.9142450037134,2,1,3669.236592245166,0
109,29.10946918683274,0.5194937794230841,904.3952186101358,2,1,2699.0577411069216,0
77,27.05431381731438,4.8004284913016475,1103.2957449730177,2,1,7646.405151288848,0
191,34.616679198478266,2.741614579606789,218.34776420481307,2,1,2773.826152514266,0
219,39.49183856035237,1.1071967200047697,1737.3268119040267,2,1,1141.500091204056,0
250,14.350849399965476,7.816283348619715,357.4934708972428,1,1,5283.98763002958,0
236,29.593359619084048,11.215151744400302,661.6906799285321,0,0,7904.804781311981,0
257,37.280062327895536,2.9563670013742005,1356.3255820334225,1,0,5441.044186746089,0
179,25.601050483581922,2.1908788621848965,1097.1591826015704,0,0,7019.645675604252,0
260,8.042240600219003,5.708356806477994,874.5772835975985,0,1,7007.410030092265,0
52,12.457938841524996,13.783955147421729,581.1626017104437,0,0,4574.9122053120245,0
100,19.78098625555102,6.491338126529756,872.3404433352182,0,0,3570.5173604920574,0
213,19.189120589073923,2.596033474929913,981.239846802889,1,1,6850.416883907079,0
202,0.9929600411508659,3.885657132066073,1493.7670552426932,0,0,4101.771647211973,0
187,20.885093300039355,8.186326884376703,795.8775756485688,2,1,4189.71439004193,0
295,36.320243087909034,2.9231972413926046,491.17879039071875,2,1,5684.5588548437845,0
218,30.777169640875893,9.491033249439543,1730.3196867139138,2,0,7742.573322612932,0
125,28.672449818529955,4.708686087665319,63.553627910215596,1,1,1879.570437804451,0
244,31.8752552174614,1.9584155063227437,2098.279787561113,2,1,2309.6847424371954,0
270,35.6787323066776,9.698782171693344,512.6784216444983,1,1,4141.524775833664,0
85,14.68038089329993,3.8470072920659106,1273.7758080133992,1,0,3285.681477122102,0
279,37.527594426774094,7.2998583469746805,533.0166576823829,0,1,8443.1080646973,0
284,38.52857530328103,2.885864636840619,968.2596534422024,0,0,4950.133412417054,0
280,24.98731453163027,2.2497024420758684,425.6401426212785,2,1,5565.360289909071,0
111,30.38207067503633,5.845897487555562,1226.5329020901831,0,0,8994.080502620527,0
167,25.267176021026806,2.139584005958328,683.3743079132853,1,1,2718.720827629811,0
104,36.69219456964679,9.134607212353016,688.6410614189119,0,0,5894.03135314965,0
263,26.218474595236923,7.438071542399265,2085.93370203068,2,1,3348.031243880489,0
114,13.607294036424538,3.245595495947755,957.0668995534736,0,0,5987.149159531447,0
238,46.20666849014931,6.480058631484539,1277.5273729153953,1,1,8222.316804013368,0
148,39.38198036870771,5.5869329572441035,-112.21770768996839,0,1,4503.397021881694,0
281,36.25530277767257,10.733574387299734,886.791233460636,2,1,6287.149201045073,0
52,31.3472744569168,2.954953204576822,1151.8081347625296,2,0,8533.484274209162,0
193,18.492344146672295,5.54640571291363,2022.1450439212226,2,0,2662.633468853245,0
172,16.287936460875414,4.109298282203423,106.88462594727696,2,0,3984.4546064971514,0
120,11.956189476324099,7.184600924447571,1046.993867182364,0,1,6341.377998939686,0
218,31.817369078381926,6.25867148817934,1303.738018407195,2,1,5134.736848133412,0
202,9.152567592261978,6.099863152280001,943.3385529951057,2,1,6559.76429087133,0
89,28.50875371147191,4.003916865838765,1623.6280365649302,0,1,3448.1304642337227,0
205,32.2033480347294,5.145682230407549,547.806989315729,1,0,6516.965723576773,0
179,22.175578261493314,7.9864626140795085,1341.3794253320839,0,0,4928.401256320316,0
280,46.98807456188112,7.0909652093584,185.6870466052817,0,0,2295.8181503993674,0
209,20.707208166382678,2.4743511024281055,2.785385833874102,1,1,5821.195086732682,0
54,24.792913550809345,2.153513253418922,567.8929154280947,2,0,8931.948065613911,0
65,20.926221654574814,9.556320957485955,1300.9639810523074,1,1,-167.54915690999496,0
67,13.619903527167622,6.546388769493217,1193.1145624405729,2,0,4894.092426116077,0
219,21.211484988345795,4.645966559929048,523.294489990001,1,1,4090.666633391125,0
196,21.018672548555795,3.0542540682157266,668.7221201112025,0,1,3469.5419718517614,0
186,34.42901034803602,1.5830773742294442,536.051893411161,1,1,6355.539362844956,0
260,27.577395889688823,6.027812112075322,-173.19979123429766,1,0,8149.370523671688,0
271,22.20550870349895,0.4243522600356613,1746.3384219638624,0,0,4456.8835426424175,0
144,27.770220526152617,4.715789120270268,428.3480889487465,0,0,7689.57203130218,0
129,38.664248509318,4.798223893482158,1162.1103829609915,0,1,2947.2739164573118,0
209,31.177443011007757,2.974024081583838,831.7632124737306,1,0,3227.0508219852427,0
119,34.439919400123465,2.017833925591467,1345.278293843483,2,1,4861.5753363828235,0
289,38.942397142324054,6.136792728672485,680.297723320984,1,0,5084.811239406984,0
95,33.3389372534275,3.6493548567861174,1537.5914737220755,2,0,9078.453700000236,0
139,15.374500840550144,5.430025915614743,430.32717197986926,2,0,2035.7745167201228,0
183,20.04541810199318,-0.2935929369280714,1513.9073569916195,0,0,4329.3787236126345,0
81,31.333664104093312,4.39610851205954,1759.0065591641298,1,1,5568.3515936350395,0
217,25.921766653882973,3.983678729654872,2044.9437008771333,0,1,8214.695410155051,0
104,29.573943464616974,4.67850924467131,1829.421151560765,1,1,3653.865938226235,0
190,32.60483604147914,1.5062487134816296,1414.8991088119933,0,1,6212.901327926989,0
239,49.35624104226759,4.088392758949401,611.2903826580703,1,1,6920.865072010598,0
163,38.06433050390469,4.635745127724186,688.5187129511318,0,1,4725.687190582675,0
151,13.219433631336067,8.800618162832837,838.2772809784813,2,1,4974.2739470666,0
160,36.36117307274595,6.440147918557986,257.87427880772043,0,1,6422.759636612332,0
70,2.3816711794442504,8.313148949988665,709.6027469559033,0,0,6703.699305496108,0
181,36.90580006748063,10.587647923053087,345.45213885975545,1,1,2629.290090519915,0
115,36.15874203542569,4.733164542362909,661.5398881376013,1,0,4373.219162165188,0
271,25.364679673980515,7.96189127362393,1622.832023630513,2,1,5609.753587429867,0
243,31.61827970196496,7.385966846545014,1420.104108730328,1,0,4300.6665702748505,0
143,31.848236361843934,4.402603157995773,1628.165958582397,0,0,4098.482016663225,0
101,17.271462319044318,1.6803826680834333,428.1277506546859,2,1,5062.567860567323,0
264,15.9602557372982,5.3471087742945205,1090.1565388087618,2,1,4581.7008210462955,0
168,34.521405377590995,2.3789416573196935,998.4136225225428,1,0,1687.5554475767708,0
227,53.29220743577464,0.8435998949028756,992.8534503399852,1,1,1105.4871069692872,0
268,26.968578315780768,9.163766846533616,1123.2494179688692,2,0,4183.369514106104,0
222,21.706489167116274,3.866923457646144,1877.5105523044244,2,0,3162.560462994991,0
233,30.68994667936274,4.59860117385094,344.3948831523535,2,0,6336.5258159406385,0
228,21.45015973212461,11.13604059502282,822.8939549990782,1,0,3730.0431719535172,0
123,15.35515410231376,4.577149455396471,550.964289960664,2,0,3109.139218118186,0
131,12.888226711796396,3.3725086810963987,390.962889948102,2,0,5698.005266963464,0
231,14.57425196528974,7.471649084293785,1910.2363904483152,1,1,6038.932609022516,0
243,35.232990948300696,1.535610780002111,1167.6667714275352,1,1,3648.747021107978,0
253,36.37380537773477,9.359299016011436,1211.395480650875,1,0,6716.993335155944,0
203,22.49818237017048,8.558431159051306,1383.6383818489073,2,1,1089.060723807212,0
190,27.940269531380565,4.059218522057552,1368.9845619894477,1,0,3170.0187502572007,0
162,48.44118986822461,5.771114545502105,1208.1471893316527,2,0,4956.6529176870245,0
63,22.717079460221107,7.66932982588612,1808.9315344860029,0,0,3232.262349423996,0
134,40.103232817175524,12.259672289077987,1228.8971684818048,1,0,3637.319342728422,0
275,51.42868901776875,6.031722701802753,1206.16754024998,0,1,6491.024816685771,0
128,43.696080859718464,1.1424469188234836,1517.0771059104018,2,0,7002.623700114913,0
164,30.678708587500015,6.925482536090673,789.1444307937363,0,0,4592.448777419317,0
99,13.918331793855945,6.777528394957922,1273.4845043432247,1,1,4989.00821037244,0
285,16.858207520337203,1.0865676137851317,1335.4643010595496,1,0,3062.7984332153314,0
110,29.88551659725364,7.41400799513284,1044.3816307079576,1,0,6761.305400368328,0
163,26.211440737380194,5.152930634446437,977.3934414305945,0,0,5894.055119874414,0
289,28.16719964046688,5.852704824251703,1123.8282541850817,1,1,3540.6442616669788,0
163,21.725168953031222,5.701126444759159,1255.3823642142697,1,1,2939.1838989951616,0
57,37.811817495970544,3.938463936132478,1737.5011191796339,1,0,4645.568942011657,0
92,34.03807638879949,4.520818538372013,720.0852006665339,0,0,4084.777266854733,0
216,39.704461963195925,5.987693620474946,1455.34590037893,1,1,5093.3181866446175,0
287,11.882886183033413,8.411810246600176,1155.7728294169542,1,0,2845.0402206343056,0
292,28.976388005471584,9.635539160769913,413.61032990670174,1,0,3054.5279800329013,0
202,30.328306869670243,9.081637289332217,705.478035409491,1,1,3460.2391368268727,0
177,38.795522891472615,1.9304744163934222,445.81896597167577,2,1,7186.819044834425,0
228,45.65223533528172,6.579083829060266,757.4506773727817,0,0,5774.430987017982,0
145,27.774113724478873,-1.3051398443690578,235.3136974805658,1,0,8816.51541600031,0
275,21.530107639702415,6.778581841029883,1185.9889877559478,0,0,6365.094612024015,0
128,29.060332669826554,4.094965409105827,775.6432189115789,0,0,4992.973501613285,0
230,43.292318231798355,6.50842143729102,987.2943666133914,2,1,4606.242246711955,0
280,32.90662327489502,5.616285191938432,1392.6054842858937,2,1,5630.132867343393,0
136,27.313421308467863,7.2820470484683595,1154.1183530375379,0,1,1629.9020489488103,0
293,20.32930674380745,6.263818746692683,978.6507019701719,2,0,6709.017184187556,0
201,39.54048715483312,7.394726063659685,662.5722149643104,0,0,6356.263783271169,0
297,29.117252996381904,1.2753332494826592,657.1072621972457,0,1,2715.441017345972,0
187,19.41127484302573,7.1825233822465755,891.3118356167796,0,0,3787.4950184760646,0
170,30.548365577859034,5.969888695430979,1064.5735787384483,2,0,4956.037129647583,0
66,38.128717525144914,2.738363945075852,1454.631260807504,2,1,4907.63762469985,0
251,38.7689989128228,3.549298202730748,663.258968479136,1,1,5826.34288085351,0
221,34.28344588458033,0.4227803412575142,1107.3186330659541,0,0,5130.64611917951,0
251,20.91314134763882,5.352463406594037,1136.9339467421642,2,1,7560.163744401365,0
226,20.78073120171888,7.696451775430225,1527.1554896244625,2,1,4486.61395290175,0
193,23.15439095187202,8.139763235418773,2084.9853843620313,2,1,3591.4514647795086,0
88,11.291941378031176,5.095382928150898,964.1862173406641,2,0,4189.055286006344,0
158,32.27207529807972,10.442324291947875,1174.3211730347682,1,0,6823.844640126265,0
142,48.17250225454177,3.1969842600109692,1163.2781831009218,2,0,1939.5041274299892,0
275,28.10577091453618,2.201710440547828,479.86662335082747,0,0,5032.700918558454,0
201,27.772505055090576,2.0244143437695206,1157.8442745630991,2,1,3708.63822574855,0
91,11.796807008125178,2.047546381022458,1148.6741084374312,0,0,1372.6026778793662,0
282,30.4783297719583,8.733310344588576,629.7701585971473,0,1,5511.743790202879,0
127,23.004937816937982,8.46876173610136,827.0537234570239,1,1,6237.736676175771,0
230,30.555773130272264,10.982736902148533,1189.9519171856857,2,1,5824.059198472813,0
118,34.442253061216235,-0.9141161094508954,1088.3239872488095,0,1,5258.774171255189,0
56,23.59380492510269,6.508933774242061,372.0565724970053,2,0,7078.28760912675,0
299,22.77698402830984,6.013087916902172,962.095859478229,0,1,6748.291975145203,0
113,33.340146914408585,5.331270759305115,434.85898825265883,1,0,5203.339156297629,0
120,36.14780744353267,1.6582021077384654,413.49554142435875,0,1,4490.084463640928,0
279,22.617770784314956,5.406161246603481,876.7670312312189,1,1,5576.896296289859,0
267,19.316296352591213,4.377287556472431,1300.573927932156,0,0,4723.312270059105,0
194,37.6262951070337,6.0118862267231385,830.8243951010927,1,0,3609.1023281838366,0
71,31.730556658562623,2.264334864723353,788.9263890430232,2,0,1560.9869822638798,0
218,34.98472903121754,6.670535055953115,-320.43689275396036,0,0,5154.0441307618685,0
268,39.55127515615567,7.7694631365043065,402.4940685076782,2,0,6504.457420834477,0
63,36.34087294335928,7.213437555056777,239.04987397012178,0,1,6857.878646334843,0
57,39.756676681193625,0.23983791445300895,530.5372785054785,1,0,4307.667526113843,0
126,21.49341481585317,8.798907122888737,1404.0210755313574,0,1,8447.880255724333,0
191,24.540802054006342,6.038455036666731,803.7854521363048,0,0,7697.688452924731,0
205,28.88738560179341,5.871416101612551,922.350963021051,1,1,5745.987605567845,0
104,36.6035210766332,8.832588129636555,1533.58519512783,2,0,2953.3671994643773,0
102,26.253256819603394,2.256232022925225,524.3045369804065,0,1,4785.793656958439,0
181,25.195766390261337,3.891597483124605,467.1046576749512,2,0,2034.727359684679,0
124,29.964753647198968,4.880128013780794,543.3936354033249,2,1,3295.563125734485,0
252,27.399399443481343,4.5300250969000215,1460.4020021295007,1,0,7776.0907578673905,0
239,30.958254721082163,7.531908116577357,829.5876033117349,1,0,5072.103920371426,0
101,21.077331245221835,9.507281529696314,1649.4794919101253,2,1,4830.602418284935,0
61,24.612619769413868,1.6033489313793812,690.4862744487502,2,0,3873.6907761163457,0
214,6.605616638814208,9.638639713650742,1409.8014586854983,0,1,7907.369891066851,0
172,25.152946837356502,2.3319990742201275,229.67218792403503,1,1,5891.728599428366,0
153,50.2860898035992,3.911180874628342,1238.43549114122,2,1,6968.38995404392,0
269,35.76160838185257,4.64906366674754,-221.14286097387367,2,1,7196.222633104024,0
263,31.72258532703462,9.142418561326636,-368.6848436037951,0,0,2528.1245067625127,0
100,30.004555487307076,8.884332941965193,1242.7434136239972,2,1,2760.148202342095,0
213,17.224082550069866,8.823184977411934,1194.008032239646,2,1,2263.1050323415266,0
260,28.067760890117,4.745290376458564,1591.084533908418,1,1,7998.582850418858,0
249,29.774182426224815,6.0309039463402545,1589.5688373520106,0,0,3182.0043203329337,0
207,18.004899660828556,5.5151209551384515,773.157625816305,1,1,6148.3353737570915,0
253,22.672781343403326,2.6969777598279268,543.3170546154829,1,1,4892.034190066437,0
255,27.056854499771,5.835446064515173,1569.534530940271,2,0,4350.498924303504,0
196,27.307144901105993,9.284902038290912,1564.60295191335,0,0,3344.338370704101,0
179,18.694807406806444,9.632068228166563,122.79599209302387,2,0,9036.418407186655,0
72,23.78810273239694,1.505631378970195,1029.9677321586116,2,0,7792.201811698324,0
181,48.04777581692615,4.907542578071165,1176.847460780835,1,1,6918.986061932215,0
81,25.67076433958855,6.309805431852369,945.238143384206,2,1,4280.129024545263,0
105,26.76380860233014,3.865201498377822,1810.302968216506,0,1,5210.203318528992,0
53,32.196616316118465,8.321799160120463,508.57045093396937,0,1,3860.5702649296527,0
224,11.400652045659491,12.799056227363346,478.24650752782475,0,0,5345.332034725364,0
143,29.605149795138612,6.527485282961678,2044.5252623924794,2,1,8621.388538232934,0
239,31.620649147644325,-0.6908067282286261,65.91276641444733,0,0,4095.5420592436903,0
110,49.65690815232613,4.345578532491977,153.0620773991982,0,0,7331.241295997837,0
187,39.46070290315626,2.389421791099392,1394.433646384098,2,1,9040.622260672166,0
273,30.84446155439055,6.936071317217998,825.7529913329631,1,0,6779.431310891198,0
69,17.15573572208176,8.697731750998638,1303.788796945064,0,0,2706.4892821775857,0
77,7.9377207643481,1.4794630705016791,1211.407917649858,2,0,5738.745985467122,0
299,40.26026437327374,13.594019495406679,827.2176132881136,2,0,3828.0684060972176,0
144,23.633592100086066,5.243789128922378,1337.375408249854,1,1,-1257.5895439713686,0
76,41.10325103075379,5.23032031075906,778.0533931186629,0,1,7910.710694126248,0
109,25.451084630479077,2.721450273543679,1123.2918410284685,0,0,5776.575456623618,0
203,25.664073285577835,7.013837397849633,512.6094363368197,0,0,4008.116835046619,0
154,35.46713802730183,8.368543634863244,650.5360210680519,2,0,1448.1887922537808,0
262,15.249045971729682,3.448226170372096,1678.8065043613187,0,0,6185.927044214464,0
178,25.118751715704065,4.9942591235609965,705.31338160268,2,0,6131.995094234591,0
197,27.45257131758622,5.929629553625133,1016.2707143722031,2,1,4711.216406688397,0
183,32.40100101650262,3.7568943314672527,1483.8794873310867,1,0,6273.333808191689,0
268,17.722868704821607,7.6248573200639616,560.159566414409,1,1,5620.878990047242,0
224,47.81996163494788,-0.4347306801253241,-428.70904421840623,0,1,4862.664859197494,0
53,31.050546361896618,-0.0940395811649104,949.2142307320495,2,0,5935.663225643941,0
198,21.643447893186448,3.3500058309662646,1516.378188355403,0,1,-745.037204998057,0
227,28.998030607299103,6.950201440389849,817.1394844983815,2,1,3163.2203359513496,0
151,15.988319002430618,1.3087170008255535,1130.3601708570836,2,0,6239.8415596868945,0
137,26.161954402082387,6.826098451563006,832.3389869727406,2,0,2562.4858960498627,0
166,17.66192995349531,4.648715887089375,210.48573804242267,0,0,3673.3409360503074,0
215,25.631324549678297,1.2293641796292127,454.7567316543639,2,1,6022.686439165002,0
279,30.166019442184705,6.845681339618205,1427.7943253704507,2,1,4377.202883427519,0
134,25.227473376763072,2.8119788611072467,913.4377610703272,2,0,5722.801346710781,0
53,42.32304793367356,10.286347315202438,489.59405609822517,1,0,6554.925577906333,0
284,45.349256571605245,2.770400344792358,1713.1073771715542,1,1,6091.683272000742,0
168,33.001578564215826,7.496650378546678,438.2604629575502,0,0,2753.829516002893,0
189,27.361004592464056,3.3132284678685098,543.4721920799395,0,0,3915.524515999081,0
217,49.27859693628763,6.5714574337301634,1937.8450389571788,1,0,5053.5528710904455,0
186,38.30373286048837,12.626827917413609,1123.0913967341764,2,0,7101.079385178249,0
164,42.79387791878495,7.940411863244757,628.4102271396514,1,0,4680.423933818707,0
195,20.557857839768886,-1.3663544046186171,1181.3187342754327,1,0,6922.8127587379495,0
117,30.465675751881165,6.541594434831388,1257.3064173490243,1,1,3955.033974376957,0
124,29.44553885204838,1.718554819668424,628.88474358895,1,1,6295.131175435009,0
132,4.121519155442424,7.243374592901724,669.8486044680747,0,1,2390.1390788194863,0
243,32.070271580315456,6.323530876596825,1947.0990895354926,1,0,4339.565897005544,0
260,26.85871225851123,6.78798036726516,865.3738495676099,2,0,5532.850510310269,0
86,13.945676561668364,2.3226393268988295,1471.363670090259,1,0,5413.794534024773,0
285,27.26602142340796,-2.471276712673755,979.0786911186124,2,0,5188.427454022947,0
133,22.304446649918162,3.677535682806889,1127.8323108847437,0,1,1771.798580981922,0
104,43.44899454993517,8.729733310503976,1175.690824001083,1,1,3625.553298314221,0
292,59.92336358459531,2.8571173285021043,-402.8180290687626,1,0,368.349781253276,0
213,24.85733102790052,5.474420974099747,1208.117545928846,1,0,3486.891957924696,0
286,16.46639478664253,0.4736530120628295,456.2435764234564,2,1,4964.33948622675,0
242,34.151419134946494,7.048689850771263,1121.9537526667038,1,0,5433.459486646805,0
103,23.83386160405871,6.146416553328923,1506.9964877191308,0,1,4565.485497789141,0
145,24.795744894835273,6.642172421754831,415.0123305387133,2,1,5754.121405492982,0
118,14.03461384943454,8.015132182183008,1110.855843856577,0,1,3216.8771301952975,0
69,19.73110252424717,11.039794517175967,1036.637751924335,0,1,2272.248150604997,0
227,43.74133990692696,-0.22872905284115141,882.2296232860383,1,1,5337.257101334598,0
56,23.289178492541712,8.401705404832686,328.97730361877814,1,1,1694.0149590568294,0
138,22.79096392880126,3.8321586734254596,1415.8495944760464,1,0,4743.980722881558,0
107,26.601061878549935,6.783094774741543,1346.1857377754952,1,0,2144.94628164129,0
50,15.00435090616196,7.251394499137479,715.8516027871879,0,1,6067.3764919463865,0
78,29.179200904790793,5.4067670917510915,1459.4786151230946,1,0,5583.834785840079,0
126,27.00807183697972,4.9634280401039454,2012.8258469030534,1,1,5084.474670688729,0
281,31.47995246418934,6.4501571637797515,698.3788926267412,2,1,10494.141525147632,0
250,42.24820295983936,-1.2705633679360853,888.8721025879745,0,0,1719.448149619645,0
207,35.27852193302728,5.108645920276198,1661.5324142833115,1,0,6097.107950277768,0
89,29.616159933321452,3.988950954125282,1213.4210281612602,1,1,5292.10668217503,0
230,37.480104917257634,2.5341115107195455,990.2176393849626,0,1,7163.0538014707,0
230,33.62583961603497,5.058543507616414,1065.2113515593776,2,0,6268.186597674903,0
106,20.170950566594296,5.100082858671917,1351.722878044148,0,0,3362.7549699670412,0
204,30.126063155878818,8.243192418814388,-5.857248878991413,2,0,3148.0624671842825,0
88,31.65444312562645,2.4388044086775458,1032.543832331589,0,1,7521.43729386371,0
178,12.537389580655525,2.793164655763122,899.9043929356544,0,1,1284.236214829467,0
82,30.724704224115857,2.335174129683286,1259.457305043907,0,0,5295.199749029756,0
77,15.515080116032863,5.580790758870925,1401.7376068229112,0,0,8133.123468855461,0
282,16.819766999706843,8.079438231148718,1273.4117459348165,2,0,4246.060438937613,0
173,33.162665262722946,3.2176795177686266,1553.7207351089746,2,1,4295.987178628662,0
140,49.84296899524797,7.602842166059635,1298.1348749434587,2,0,2525.1670480767707,0
55,35.21000297007103,4.464760345508527,715.1741362740532,2,0,5587.273101529128,0
182,54.133754021124446,1.2911104315462207,870.98050201611,0,1,8176.231994235924,0
67,32.881922353257366,6.763852551455673,1326.491473294187,1,1,7063.537285616816,0
51,36.910547448046174,5.415462140661808,1843.7941970936774,2,1,4372.799624537225,0
263,37.48311779429262,2.367560070677463,1326.3116250432731,2,0,4042.142309670815,0
282,24.918072939398733,6.1200965843418285,406.4853851306192,1,0,5240.035028274811,0
172,26.456862194101852,3.4482811903611816,433.0186881339275,2,0,3936.0803226277403,0
95,26.87586986405249,5.067808284187588,1180.3822589091772,2,0,3548.1121797871247,0
200,22.7255167711947,0.4431169775689314,141.1512358089176,0,1,1735.392015623574,0
81,37.61266347836941,7.060157210727683,1665.9177283918648,2,0,7268.12248419093,0
259,35.38241355275821,4.358389786668761,1504.8569022365252,1,0,4333.553996545614,0
58,29.397144612429262,7.597135764161656,1416.5287009280194,1,0,6207.4588149982565,0
293,31.13436080892398,5.547243260208141,1150.2003629006242,0,0,5664.775511245988,0
140,25.957281178112172,4.44024536274722,738.0022895383322,1,0,2478.431053563357,0
285,26.32167562223071,6.9930325063809775,556.3345967173627,2,1,6581.420136560725,0
132,12.342709409568773,-3.228142516015998,741.2217594390065,1,1,5001.339561001289,0
92,25.01399995749071,5.816869205149634,1563.5623185955956,0,1,8745.36541761139,0
287,32.736300326140636,5.698581490703306,1714.505432097917,1,0,4093.1834472969886,0
179,31.584891031508896,2.097915153951751,1052.0801801950429,0,0,4487.081123146081,0
109,20.911133628632044,3.1503052001776646,1205.474445280515,1,1,4119.799734700698,0
215,29.293077928249158,0.678806829464123,920.9080029646722,2,1,6519.211659404437,0
153,20.63894067034267,3.7794946795585913,1511.9748960218903,2,1,4987.229293777978,0
182,21.409122549925957,7.633921769889392,528.2299980898008,1,1,7434.078798430963,0
148,37.197783672226784,4.317087734067897,2338.6378031842078,0,1,2826.925512529045,0
173,46.316898095529396,1.2550640716941657,728.0258313277722,2,0,5652.468231436362,0
284,38.870272449251566,3.66186385975462,1587.459047207835,1,1,7948.319100479162,0
160,18.017554782579744,2.6789180002685526,1782.5619088769222,2,1,5869.999014505812,0
70,32.514713810826606,4.875993344643376,1952.616462030408,0,0,6959.261423351461,0
164,34.62148210397331,7.611559763989662,1497.9236225741124,1,0,5652.583349189323,0
153,29.093772673376947,3.750881602647665,724.139001513917,0,0,3198.3871964776145,0
148,33.47745252551965,1.8154131427016695,989.1028400349059,0,1,3534.557986861268,0
249,11.658288144042153,1.0175275127595889,842.483546467431,2,0,1594.912879227098,0
181,25.01914047109175,4.319285291504608,1323.0850890869071,2,0,1249.674257580909,0
131,33.62888491088157,-0.6150022648479414,2123.3692106055246,1,0,6831.26195279006,0
208,34.11884207435808,7.319399612694825,486.31679947860675,2,1,6876.546571464635,0
278,30.43233507169341,0.010099765653508896,1591.8789960205959,0,0,3852.3685636461396,0
299,30.635813878468433,9.466145452860763,596.6529919675284,1,1,1802.910748925321,0
180,27.35874973406476,3.486192378834107,1365.5858056687443,0,0,6173.46151459065,0
134,23.068970177438416,1.0852227962172374,925.8139201902006,1,1,2781.9738453661143,0
192,31.39930681248415,-0.6993337747943107,765.9170373417742,1,0,7050.8984308692625,0
51,6.713841095775077,3.9447438851895464,1757.7591071642123,1,0,7784.851526212862,0
60,29.074731172934417,3.0160561959932903,1167.8103570033509,1,1,3654.295542945763,0
228,51.95069940247825,3.878430826085172,529.5856403230696,1,0,5210.042364776285,0
102,25.282931939743072,4.223343857337151,1791.8735630681172,0,0,3730.7773838195208,0
69,22.004846172119873,1.7388333598598567,157.5542620691997,1,1,7312.841631655847,0
174,35.46016545441901,5.488520254829088,1045.8636255704528,2,0,5451.855829738681,0
58,28.15310247551167,10.160749632718446,869.292578381884,1,0,6994.632114095036,0
71,25.754878160555506,3.2830342482138675,891.2752021255983,0,1,3546.6138727286047,0
58,49.514833033116155,5.664868654505541,1979.1053288876074,2,1,3218.5523432787154,0
280,34.807590407164,5.321907924387648,310.94591858001377,2,0,2100.7115077343674,0
68,14.68982292866162,5.2832100685131325,1302.1413878797848,1,0,7032.14980573633,0
214,21.667825818097853,3.5378626700841345,1634.652926009764,0,0,4593.127850928596,0
230,37.2610337812529,3.798402037269522,228.4539394387358,2,0,7297.876075933139,0
132,25.435574798121287,5.935410696179046,1097.0375007772923,1,1,1168.1917939830491,0
254,27.322414589648794,4.457576847215802,1389.5929657308375,1,0,6297.55637145454,0
271,32.33637688271242,4.543513667611709,1465.5852710682348,2,1,8752.936061537952,0
194,21.472350757310142,9.507342756439805,591.6532775748508,2,1,-33.9165257149225,0
239,20.710874146804507,3.6109512683052056,1070.9712282176888,2,0,4927.6414154756885,0
60,39.67278978474682,2.0237909862637506,1519.0217643467295,1,1,8093.983357766224,0
236,19.27423884501185,1.4361526170415981,618.4553262434029,1,1,4062.004281061705,0
243,28.030809073803216,6.682857968632419,280.431408869342,1,0,1982.3395245459556,0
223,46.35393618548057,4.3374754618947335,786.8025468276007,2,1,6183.236498332756,0
138,25.561807198893185,6.557654160923979,371.833357654765,1,0,4202.251709258299,0
110,33.4078623033982,4.72146859205016,243.04893541584852,0,1,5558.2093260535385,0
82,24.90350517488687,5.936265503135385,852.435925708713,1,1,7622.427396851547,0
58,37.05655289776681,4.901763006525976,1077.8132957923935,0,0,10326.30212973924,0
148,29.42831094903468,4.136937151673001,601.469144430754,0,1,1699.1011018830513,0
169,27.979413246559734,2.6014862162040324,1532.8964427965188,1,0,5362.957284499298,0
261,21.31045265568378,1.9913047044571055,1356.1102786917008,0,1,7179.89004061284,0
253,37.95288299801956,5.450075125230097,1012.352394656094,1,1,7974.857825903075,0
205,30.50555430096476,4.785926705939064,863.8229476313982,2,1,6749.339402203466,0
141,30.046084480258106,3.5262353966089823,665.3244512874028,0,1,6477.383894738733,0
148,39.633170894924724,2.0347209888366278,553.2488514226873,1,1,2813.985914414517,0
144,18.419886004043473,6.560617093664771,602.9369297563081,0,1,5675.435195726099,0
257,2.1697665565531743,4.4244791357749556,370.24186793387423,0,0,3364.5902569043983,0
254,25.206015641156938,1.7746268018646028,717.056425822932,2,1,2061.8931546648023,0
202,33.01656884280292,6.350411562409139,1003.8596921169085,2,1,7440.178014730593,0
161,37.47448680133212,4.723677951410072,580.8234021537048,0,0,6378.110458757803,0
71,22.16828426058713,7.912666615333192,2010.4930917922625,2,0,5630.032306353527,0
116,41.64782253234772,5.2842288049396124,350.2602932314761,1,0,5038.331219505567,0
237,20.935195727406356,3.0086042968396387,829.8822198611931,2,1,1959.8109838244668,0
279,42.870145706585234,5.306161927974015,971.5424030391518,2,0,2782.326696830442,0
222,43.2201946993123,3.288166702552322,1183.6995687823137,2,1,3074.977390332472,0
244,36.35861073295524,5.245557048861295,1087.8348321040373,2,1,4847.324564513488,0
238,37.361867068251065,5.4469047551335175,1555.841894662794,0,1,3742.333167871699,0
267,33.72734899857953,5.549804301214067,1573.4243953730559,1,0,3307.0541928622506,0
290,33.0101044298647,0.3083196685693528,1508.3104494112965,1,0,6561.205368095874,0
256,11.90823713746018,7.405304815969161,487.8060175911704,1,0,4489.259643958866,0
248,17.70753476945778,9.341170680554681,1453.900210540548,2,0,4873.947509273013,0
251,31.219963959382124,4.265968270614239,1444.0624332328682,0,1,6573.694429344061,0
145,29.05416731885587,9.431368308890615,1544.603718445304,1,1,4984.342761695866,0
288,38.344486853744975,10.102024453778128,1544.1005512940746,1,1,5198.990432403151,0
75,36.94373249660352,2.7816926545898033,880.3434287139535,1,0,2942.4835876544826,0
66,34.93909531122426,7.009915398638482,1087.046865945573,0,0,4155.15656152713,0
55,23.644690997146235,7.6348993557903135,998.1710333200556,2,0,5310.99693313842,0
209,33.407211657889796,7.103171610581358,1722.0842808544783,0,1,4035.619722788609,0
155,25.05479187403006,2.1155127271514678,946.177244818601,0,0,9066.942332246457,0
137,29.42135519654972,8.904924694066006,980.7687838772108,1,1,4821.431171509415,0
67,23.71614671729137,6.377436660136462,2110.1746724938967,0,0,6415.921040460051,0
273,40.89177383101958,4.7216432346882105,1086.2916573947227,2,1,3063.2083830005076,0
239,41.46568850773093,-0.007926420353554953,1145.3721460279587,2,1,6177.604696648163,0
196,37.1330195815098,-0.7206808238118825,575.3929940131577,0,0,5813.70586689411,0
122,33.44595055091764,10.103819253332574,1135.0351013521442,2,0,3650.0732266979744,0
173,32.93487795924937,4.246166967387676,1109.0929558368894,0,1,2221.9881612580652,0
